testname,SGA,RGA,IGA
c01,2035.981000,4463.450000,6784.786000
c02,2572.941000,5062.143000,7349.372000
c03,6985.469000,11300.775000,16786.277000
c04,9057.839000,15505.082000,19814.438000
c05,13264.780000,24887.590000,26519.619000
c06,2952.503000,7378.585000,8387.849000
c07,2890.124000,8035.138000,9981.670000
c08,7927.766000,13073.594000,20692.656000
c09,10085.881000,15137.194000,24685.164000
c10,13890.125000,20870.089000,33879.736000
c11,2815.497000,6353.951000,12634.940000
c12,2871.671000,7240.657000,15931.881000
c13,5845.615000,12712.720000,25083.225000
c14,6462.514000,15217.440000,38629.159000
c15,9519.628000,19515.399000,40547.327000
c16,3485.607000,18812.983000,44668.916000
c17,5237.862000,18698.565000,42047.105000
c18,8350.041000,23560.551000,45869.579000
c19,10692.476000,23410.858000,55196.748000
c20,11871.593000,27293.159000,55971.072000
d01,2601.871000,6461.623000,11611.388000
d02,4088.744000,7565.202000,15120.101000
d03,10176.700000,22483.710000,41038.439000
d04,14105.844000,27325.002000,57375.296000
d05,20402.810000,51918.939000,68782.492000
d06,2952.937000,7575.578000,14674.007000
d07,3704.261000,11401.259000,14988.256000
d08,14186.400000,31268.109000,44590.526000
d09,14134.335000,31882.778000,53883.476000
d10,21229.725000,38608.998000,207489.275000
d11,3999.191000,12669.404000,219078.054000
d12,4124.882000,11994.152000,268400.042000
d13,13825.021000,25010.478000,296377.999000
d14,16920.952000,30331.947000,167899.106000
d15,22002.667000,53014.955000,149335.480000
d16,17589.844000,54614.691000,533940.736000
d17,16699.229000,55574.264000,501103.552000
d18,20197.391000,74267.188000,594458.910000
d19,26431.878000,63730.863000,586272.296000
d20,35322.845000,71087.864000,603166.896000
antiwheel5,1421.368000,2137.125000,3049.057000
design432,1105.060000,1963.813000,2261.788000
oddcycle3,973.647000,1724.332000,2535.689000
oddwheel3,928.821000,1555.141000,2856.976000
se03,1256.549000,1872.842000,3260.345000
w13c29,23883.812000,54385.037000,82285.176000
w23c23,34435.766000,67301.762000,99936.553000
w3c571,504736.617000,551163.720000,646445.326000
e01,6311.414000,21421.931000,21694.940000
e02,5206.798000,18308.863000,24600.656000
e03,35819.978000,65867.419000,101236.139000
e04,42269.555000,90687.497000,132495.023000
e05,72750.797000,132156.529000,178229.996000
e06,4737.658000,15582.257000,26162.098000
e07,6121.965000,16446.795000,27211.253000
e08,39270.649000,67261.270000,95991.398000
e09,39765.396000,77201.512000,128089.637000
e10,61041.157000,136447.465000,189984.485000
e11,6261.191000,43272.530000,57589.067000
e12,8737.746000,34584.545000,54088.282000
e13,48632.810000,78454.577000,123348.774000
e14,43738.787000,95876.062000,197528.927000
e15,63092.593000,143327.678000,244484.962000
e16,17841.862000,86147.617000,165225.748000
e17,14000.096000,94943.113000,176633.710000
e18,59347.177000,200441.060000,200758.086000
e19,78764.723000,140748.333000,200524.695000
e20,81920.209000,242492.618000,304054.376000
berlin52,1726.984000,5321.657000,7101.182000
brasil58,2206.557000,6801.839000,7926.271000
world666,51555.133000,241727.355000,349232.206000
p455,38028.192000,67805.168000,94545.258000
p456,39538.806000,70224.549000,89421.236000
p457,38296.395000,70649.498000,99948.981000
p458,38649.546000,69157.006000,99333.904000
p459,39921.147000,68371.900000,96713.170000
p460,40189.808000,68249.976000,93493.023000
p461,40564.155000,9137.290000,32982.356000
p463,167619.976000,270306.658000,506492.380000
p464,149767.191000,272974.479000,467669.874000
i080-001,1499.649000,2875.493000,4395.351000
i080-002,1385.672000,2715.790000,4162.247000
i080-003,1456.793000,2806.555000,4074.060000
i080-004,1670.142000,2794.297000,4243.014000
i080-005,1637.960000,3429.803000,4035.630000
i080-011,1258.547000,3333.927000,3923.139000
i080-012,1287.009000,2659.729000,3819.355000
i080-013,1251.115000,2881.142000,3940.744000
i080-014,1216.711000,3414.901000,3878.253000
i080-015,1303.571000,3145.946000,3942.847000
i080-021,1672.691000,6620.619000,9140.210000
i080-022,1670.638000,5853.034000,9341.978000
i080-023,1658.438000,6133.654000,9341.457000
i080-024,1726.638000,5564.602000,9235.068000
i080-025,1589.360000,6000.165000,8642.970000
i080-031,1288.898000,2766.082000,3549.350000
i080-032,1398.890000,3124.429000,4084.720000
i080-033,1348.824000,3077.879000,3721.112000
i080-034,1326.261000,2748.131000,3511.140000
i080-035,1277.871000,2679.716000,3979.829000
i080-041,1379.987000,3831.872000,4873.839000
i080-042,1411.655000,4699.418000,5073.983000
i080-043,1516.797000,3609.149000,4951.990000
i080-044,1396.149000,3723.721000,4922.601000
i080-045,1428.069000,3589.066000,4880.629000
i080-101,1672.611000,3337.178000,4650.669000
i080-102,1504.064000,3722.454000,4599.893000
i080-103,1689.721000,4657.673000,4725.595000
i080-104,1732.313000,4609.404000,4728.473000
i080-105,1361.503000,4392.481000,4327.395000
i080-111,1384.394000,3937.933000,4597.754000
i080-112,1309.554000,4515.027000,4125.776000
i080-113,1476.435000,5054.938000,4099.461000
i080-114,1345.569000,4043.801000,3914.363000
i080-115,1286.467000,3393.557000,4139.486000
i080-121,1619.394000,7153.469000,9120.301000
i080-122,1629.046000,7520.778000,8682.652000
i080-123,1736.560000,7120.777000,9010.644000
i080-124,1494.516000,7797.580000,9033.571000
i080-125,1747.299000,8084.733000,9174.208000
i080-131,1308.278000,3881.632000,4048.556000
i080-132,1331.337000,4549.396000,3897.635000
i080-133,1296.697000,4188.129000,3784.449000
i080-134,1278.579000,3638.634000,3893.931000
i080-135,1222.966000,3648.414000,3871.898000
i080-141,1557.912000,4769.308000,5334.141000
i080-142,1582.732000,3988.843000,5175.633000
i080-143,1480.531000,3408.911000,4953.739000
i080-144,1522.892000,3561.664000,5180.731000
i080-145,1486.617000,4119.968000,5216.384000
i080-201,1735.876000,4003.981000,5697.894000
i080-202,1656.510000,3814.834000,5279.819000
i080-203,1653.729000,4584.162000,5103.565000
i080-204,1796.176000,4525.553000,5414.864000
i080-205,1703.200000,4135.256000,5607.857000
i080-211,1483.666000,3341.365000,4510.442000
i080-212,1555.370000,3272.780000,4996.297000
i080-213,1559.521000,3194.922000,5001.020000
i080-214,1557.844000,3611.499000,4809.695000
i080-215,1598.851000,3576.040000,4680.417000
i080-221,1793.561000,6532.975000,9300.899000
i080-222,1745.205000,8008.136000,9729.814000
i080-223,1872.775000,7711.979000,9353.176000
i080-224,1835.480000,8301.551000,9394.216000
i080-225,2077.282000,9072.646000,9294.587000
i080-231,1962.021000,4605.282000,5107.853000
i080-232,1814.516000,3697.949000,4923.323000
i080-233,1711.297000,3941.229000,4567.788000
i080-234,1639.214000,4030.490000,4615.310000
i080-235,1895.933000,3489.849000,4910.006000
i080-241,1835.561000,4047.299000,5730.914000
i080-242,1825.942000,4170.252000,5718.389000
i080-243,1829.270000,4119.631000,5952.831000
i080-244,1942.656000,4570.192000,5879.650000
i080-245,1848.081000,4061.691000,5796.880000
i080-301,1966.826000,4000.522000,5529.158000
i080-302,2360.528000,4149.548000,5949.016000
i080-303,2240.505000,4215.150000,5856.106000
i080-304,1978.606000,4182.079000,5587.247000
i080-305,2130.805000,4353.105000,5992.761000
i080-311,2064.822000,3712.500000,5257.229000
i080-312,2072.260000,3780.198000,5094.206000
i080-313,1795.097000,3844.760000,5017.644000
i080-314,1835.179000,3804.293000,5230.836000
i080-315,1777.249000,3641.547000,5876.904000
i080-321,1902.085000,7386.049000,9412.572000
i080-322,2036.930000,8769.333000,9624.685000
i080-323,1809.036000,9372.996000,9572.541000
i080-324,2019.838000,9849.957000,9878.119000
i080-325,1827.149000,9330.930000,9892.444000
i080-331,1694.192000,4738.781000,5264.515000
i080-332,1756.234000,4198.128000,5673.218000
i080-333,1919.757000,4333.932000,5742.943000
i080-334,1734.951000,3954.844000,5382.972000
i080-335,2243.133000,3817.974000,5144.138000
i080-341,2217.657000,4037.911000,5995.214000
i080-342,2302.727000,4293.491000,6153.326000
i080-343,2726.743000,4547.787000,5938.111000
i080-344,2263.200000,5525.599000,5990.332000
i080-345,4027.121000,5450.022000,5875.369000
i160-001,2060.426000,4631.594000,5436.466000
i160-002,1884.938000,4127.565000,4514.050000
i160-003,3607.606000,4697.572000,5220.633000
i160-004,2192.201000,4892.093000,5158.814000
i160-005,2043.273000,5218.461000,5246.885000
i160-011,1663.955000,4358.545000,5717.740000
i160-012,1637.122000,4074.987000,5798.820000
i160-013,1603.049000,4133.910000,5537.204000
i160-014,1874.895000,4201.336000,5793.728000
i160-015,1678.723000,3945.538000,5877.885000
i160-021,3376.195000,19814.385000,25026.881000
i160-022,3639.648000,18706.659000,23698.855000
i160-023,3231.869000,15501.945000,24158.445000
i160-024,3415.140000,15126.790000,23718.317000
i160-025,3233.809000,19061.947000,24226.478000
i160-031,1274.253000,3264.601000,4139.713000
i160-032,1365.333000,3194.966000,4663.339000
i160-033,1271.739000,3301.985000,3990.741000
i160-034,1470.867000,3034.862000,4646.220000
i160-035,1391.875000,3719.190000,4350.537000
i160-041,1874.756000,6218.625000,9688.548000
i160-042,1864.414000,5963.791000,10202.299000
i160-043,1831.691000,6163.331000,9674.635000
i160-044,1870.477000,5785.722000,9732.096000
i160-045,1857.299000,6069.041000,9825.537000
i160-101,1906.477000,3708.726000,5509.447000
i160-102,1859.904000,3895.863000,5674.267000
i160-103,1926.456000,4108.450000,5795.303000
i160-104,2025.595000,4177.178000,5973.987000
i160-105,1807.642000,3634.343000,5340.411000
i160-111,1987.943000,4509.601000,6619.433000
i160-112,1888.852000,4767.846000,6801.064000
i160-113,2067.105000,5256.824000,6741.373000
i160-114,2026.210000,5242.919000,6716.206000
i160-115,2146.960000,5578.148000,6464.073000
i160-121,4683.797000,22214.586000,23820.301000
i160-122,3861.771000,16453.959000,24119.850000
i160-123,4030.631000,16840.313000,21453.938000
i160-124,3915.061000,18043.321000,21564.805000
i160-125,3537.025000,21340.633000,22284.881000
i160-131,1463.623000,3962.347000,3976.710000
i160-132,1679.953000,3989.556000,4352.736000
i160-133,2242.253000,4058.350000,4040.371000
i160-134,2228.446000,4225.159000,4408.039000
i160-135,1910.455000,4719.504000,4708.824000
i160-141,2335.634000,9273.143000,9072.204000
i160-142,1973.314000,9876.696000,8301.944000
i160-143,2447.751000,8213.521000,8925.892000
i160-144,2046.801000,8455.382000,8677.498000
i160-145,2135.284000,8213.777000,8792.925000
i160-201,2569.969000,7801.063000,6597.700000
i160-202,2901.001000,5860.114000,6528.214000
i160-203,3397.901000,6359.543000,6412.143000
i160-204,2881.543000,6213.206000,6597.105000
i160-205,2904.983000,5714.686000,6097.919000
i160-211,2977.562000,5773.062000,6802.494000
i160-212,3024.547000,5186.317000,6746.888000
i160-213,2752.749000,5331.923000,7959.025000
i160-214,3219.427000,5023.782000,7172.852000
i160-215,2814.175000,4943.955000,6645.269000
i160-221,4063.679000,16940.884000,21703.374000
i160-222,3463.690000,15007.569000,22216.588000
i160-223,4012.277000,15117.960000,22904.313000
i160-224,4142.328000,15132.638000,22368.708000
i160-225,4908.597000,14694.792000,22612.999000
i160-231,2555.478000,4023.729000,4923.980000
i160-232,2389.044000,4117.114000,5750.509000
i160-233,2494.466000,3993.692000,5906.767000
i160-234,2230.901000,3850.232000,5408.071000
i160-235,3005.630000,4175.388000,5386.744000
i160-241,3373.878000,7120.549000,9834.120000
i160-242,3450.290000,7246.214000,9765.593000
i160-243,3203.949000,6574.564000,9552.894000
i160-244,3547.001000,6881.958000,9239.411000
i160-245,3211.099000,7353.691000,9771.042000
i160-301,3517.405000,7475.087000,8617.416000
i160-302,3977.352000,7737.584000,7764.351000
i160-303,3486.520000,8738.396000,7746.726000
i160-304,3367.277000,7844.725000,7963.062000
i160-305,2781.744000,6976.658000,7804.092000
i160-311,2950.235000,7274.805000,8132.736000
i160-312,2921.526000,7738.043000,7896.615000
i160-313,3000.711000,9095.296000,7989.684000
i160-314,3630.665000,7039.404000,7986.169000
i160-315,3423.413000,10438.339000,7833.542000
i160-321,5884.086000,20413.675000,23801.249000
i160-322,5146.150000,18966.367000,23529.463000
i160-323,5784.038000,22704.455000,23345.324000
i160-324,4805.304000,16048.645000,23659.480000
i160-325,5721.586000,15766.395000,31528.113000
i160-331,2870.390000,5203.433000,7473.871000
i160-332,2673.731000,5638.510000,7746.141000
i160-333,2480.817000,5288.327000,7525.213000
i160-334,2425.690000,4877.917000,7170.816000
i160-335,2437.449000,5702.069000,7687.934000
i160-341,3195.159000,8094.607000,12581.012000
i160-342,3043.026000,7696.449000,11581.004000
i160-343,4030.837000,7714.213000,11265.553000
i160-344,4280.906000,7700.408000,11545.264000
i160-345,3493.062000,7734.858000,11187.189000
